date,30_yr,15_yr
2/4/1971,7.33,
9/4/1971,7.31,
16/4/1971,7.31,
23/4/1971,7.31,
30/4/1971,7.29,
7/5/1971,7.38,
14/5/1971,7.42,
21/5/1971,7.44,
28/5/1971,7.46,
4/6/1971,7.52,
11/6/1971,7.52,
18/6/1971,7.54,
25/6/1971,7.54,
2/7/1971,7.54,
9/7/1971,7.54,
16/7/1971,7.6,
23/7/1971,7.65,
30/7/1971,7.69,
6/8/1971,7.66,
13/8/1971,7.73,
20/8/1971,7.71,
27/8/1971,7.69,
3/9/1971,7.71,
10/9/1971,7.67,
17/9/1971,7.7,
24/9/1971,7.67,
1/10/1971,7.67,
8/10/1971,7.63,
15/10/1971,7.63,
22/10/1971,7.58,
29/10/1971,7.63,
5/11/1971,7.59,
12/11/1971,7.56,
19/11/1971,7.54,
26/11/1971,7.51,
3/12/1971,7.49,
10/12/1971,7.47,
17/12/1971,7.48,
24/12/1971,7.48,
31/12/1971,7.48,
7/1/1972,7.46,
14/1/1972,7.46,
21/1/1972,7.43,
28/1/1972,7.4,
4/2/1972,7.35,
11/2/1972,7.33,
18/2/1972,7.31,
25/2/1972,7.31,
3/3/1972,7.32,
10/3/1972,7.32,
17/3/1972,7.31,
24/3/1972,7.31,
31/3/1972,7.23,
7/4/1972,7.25,
14/4/1972,7.29,
21/4/1972,7.29,
28/4/1972,7.33,
5/5/1972,7.33,
12/5/1972,7.38,
19/5/1972,7.38,
26/5/1972,7.4,
2/6/1972,7.36,
9/6/1972,7.38,
16/6/1972,7.38,
23/6/1972,7.36,
30/6/1972,7.38,
7/7/1972,7.38,
14/7/1972,7.4,
21/7/1972,7.4,
28/7/1972,7.4,
4/8/1972,7.35,
11/8/1972,7.41,
18/8/1972,7.42,
25/8/1972,7.42,
1/9/1972,7.42,
8/9/1972,7.42,
15/9/1972,7.42,
22/9/1972,7.41,
29/9/1972,7.43,
6/10/1972,7.41,
13/10/1972,7.41,
20/10/1972,7.44,
27/10/1972,7.42,
3/11/1972,7.43,
10/11/1972,7.42,
17/11/1972,7.42,
24/11/1972,7.44,
1/12/1972,7.45,
8/12/1972,7.43,
15/12/1972,7.43,
22/12/1972,7.45,
29/12/1972,7.45,
5/1/1973,7.44,
12/1/1973,7.44,
19/1/1973,7.44,
26/1/1973,7.43,
2/2/1973,7.43,
9/2/1973,7.43,
16/2/1973,7.45,
23/2/1973,7.45,
2/3/1973,7.45,
9/3/1973,7.45,
16/3/1973,7.45,
23/3/1973,7.45,
30/3/1973,7.49,
6/4/1973,7.51,
13/4/1973,7.54,
20/4/1973,7.56,
27/4/1973,7.56,
4/5/1973,7.58,
11/5/1973,7.64,
18/5/1973,7.69,
24/5/1973,7.7,
1/6/1973,7.7,
8/6/1973,7.73,
15/6/1973,7.73,
22/6/1973,7.75,
29/6/1973,7.76,
6/7/1973,7.89,
13/7/1973,8.01,
20/7/1973,8.12,
27/7/1973,8.18,
3/8/1973,8.26,
10/8/1973,8.4,
17/8/1973,8.55,
24/8/1973,8.61,
31/8/1973,8.66,
7/9/1973,8.77,
14/9/1973,8.81,
21/9/1973,8.83,
28/9/1973,8.85,
5/10/1973,8.82,
12/10/1973,8.83,
19/10/1973,8.75,
26/10/1973,8.68,
2/11/1973,8.62,
9/11/1973,8.59,
16/11/1973,8.58,
23/11/1973,8.57,
30/11/1973,8.55,
7/12/1973,8.53,
14/12/1973,8.53,
21/12/1973,8.53,
28/12/1973,8.56,
4/1/1974,8.56,
11/1/1974,8.53,
18/1/1974,8.55,
25/1/1974,8.52,
1/2/1974,8.48,
8/2/1974,8.46,
15/2/1974,8.46,
22/2/1974,8.42,
1/3/1974,8.41,
8/3/1974,8.41,
15/3/1974,8.4,
22/3/1974,8.4,
29/3/1974,8.41,
5/4/1974,8.44,
12/4/1974,8.53,
19/4/1974,8.63,
26/4/1974,8.73,
3/5/1974,8.87,
10/5/1974,8.98,
17/5/1974,8.97,
24/5/1974,9.01,
31/5/1974,9.03,
7/6/1974,9.06,
14/6/1974,9.11,
21/6/1974,9.07,
28/6/1974,9.1,
5/7/1974,9.14,
12/7/1974,9.19,
19/7/1974,9.37,
26/7/1974,9.42,
2/8/1974,9.47,
9/8/1974,9.5,
16/8/1974,9.6,
23/8/1974,9.62,
30/8/1974,9.74,
6/9/1974,9.88,
13/9/1974,9.92,
20/9/1974,10,
27/9/1974,10.03,
4/10/1974,10.02,
11/10/1974,9.96,
18/10/1974,9.99,
25/10/1974,9.94,
1/11/1974,9.87,
8/11/1974,9.81,
15/11/1974,9.81,
22/11/1974,9.73,
29/11/1974,9.72,
6/12/1974,9.69,
13/12/1974,9.63,
20/12/1974,9.58,
27/12/1974,9.56,
3/1/1975,9.6,
10/1/1975,9.49,
17/1/1975,9.43,
24/1/1975,9.35,
31/1/1975,9.29,
7/2/1975,9.2,
14/2/1975,9.13,
21/2/1975,9.07,
28/2/1975,9.02,
7/3/1975,9,
14/3/1975,8.89,
21/3/1975,8.86,
28/3/1975,8.86,
4/4/1975,8.83,
11/4/1975,8.81,
18/4/1975,8.8,
25/4/1975,8.84,
2/5/1975,8.92,
9/5/1975,8.88,
16/5/1975,8.92,
23/5/1975,8.92,
30/5/1975,8.89,
6/6/1975,8.89,
13/6/1975,8.9,
20/6/1975,8.88,
27/6/1975,8.9,
3/7/1975,8.88,
11/7/1975,8.9,
18/7/1975,8.89,
25/7/1975,8.89,
1/8/1975,8.89,
8/8/1975,8.89,
15/8/1975,8.93,
22/8/1975,8.98,
29/8/1975,9.02,
5/9/1975,9.08,
12/9/1975,9.16,
19/9/1975,9.14,
26/9/1975,9.14,
3/10/1975,9.2,
10/10/1975,9.21,
17/10/1975,9.21,
24/10/1975,9.26,
31/10/1975,9.24,
7/11/1975,9.19,
14/11/1975,9.16,
21/11/1975,9.12,
28/11/1975,9.11,
5/12/1975,9.11,
12/12/1975,9.11,
19/12/1975,9.08,
26/12/1975,9.09,
2/1/1976,9.1,
9/1/1976,9.07,
16/1/1976,9.01,
23/1/1976,9,
30/1/1976,8.9,
6/2/1976,8.86,
13/2/1976,8.83,
20/2/1976,8.81,
27/2/1976,8.75,
5/3/1976,8.77,
12/3/1976,8.75,
19/3/1976,8.75,
26/3/1976,8.75,
2/4/1976,8.7,
9/4/1976,8.7,
16/4/1976,8.75,
23/4/1976,8.75,
30/4/1976,8.75,
7/5/1976,8.75,
14/5/1976,8.75,
21/5/1976,8.78,
28/5/1976,8.78,
4/6/1976,8.78,
11/6/1976,8.83,
18/6/1976,8.88,
25/6/1976,8.9,
2/7/1976,8.93,
9/7/1976,8.93,
16/7/1976,8.93,
23/7/1976,8.9,
30/7/1976,8.98,
6/8/1976,9,
13/8/1976,9,
20/8/1976,9,
27/8/1976,9,
3/9/1976,9,
10/9/1976,8.97,
17/9/1976,8.97,
24/9/1976,8.97,
1/10/1976,8.9,
8/10/1976,8.95,
15/10/1976,8.95,
22/10/1976,8.95,
29/10/1976,8.9,
5/11/1976,8.85,
12/11/1976,8.8,
19/11/1976,8.8,
26/11/1976,8.8,
3/12/1976,8.8,
10/12/1976,8.8,
17/12/1976,8.8,
24/12/1976,8.78,
31/12/1976,8.78,
7/1/1977,8.7,
14/1/1977,8.73,
21/1/1977,8.73,
28/1/1977,8.73,
4/2/1977,8.68,
11/2/1977,8.7,
18/2/1977,8.65,
25/2/1977,8.65,
4/3/1977,8.65,
11/3/1977,8.7,
18/3/1977,8.7,
25/3/1977,8.7,
1/4/1977,8.7,
8/4/1977,8.75,
15/4/1977,8.75,
22/4/1977,8.78,
29/4/1977,8.78,
6/5/1977,8.78,
13/5/1977,8.83,
20/5/1977,8.85,
27/5/1977,8.85,
3/6/1977,8.85,
10/6/1977,8.85,
17/6/1977,8.85,
24/6/1977,8.88,
1/7/1977,8.95,
8/7/1977,8.93,
15/7/1977,8.95,
22/7/1977,8.95,
29/7/1977,8.93,
5/8/1977,8.95,
12/8/1977,8.95,
19/8/1977,8.93,
26/8/1977,8.93,
2/9/1977,8.88,
9/9/1977,8.9,
16/9/1977,8.9,
23/9/1977,8.9,
30/9/1977,8.9,
7/10/1977,8.93,
14/10/1977,8.93,
21/10/1977,8.93,
28/10/1977,8.9,
4/11/1977,8.9,
11/11/1977,8.93,
18/11/1977,8.93,
25/11/1977,8.93,
2/12/1977,8.95,
9/12/1977,8.95,
16/12/1977,8.95,
23/12/1977,8.95,
30/12/1977,9,
6/1/1978,9,
13/1/1978,9.03,
20/1/1978,8.98,
27/1/1978,9.05,
3/2/1978,9.13,
10/2/1978,9.15,
17/2/1978,9.15,
24/2/1978,9.15,
3/3/1978,9.15,
10/3/1978,9.15,
17/3/1978,9.23,
24/3/1978,9.23,
31/3/1978,9.25,
7/4/1978,9.28,
14/4/1978,9.33,
21/4/1978,9.38,
28/4/1978,9.43,
5/5/1978,9.48,
12/5/1978,9.55,
19/5/1978,9.58,
26/5/1978,9.68,
2/6/1978,9.68,
9/6/1978,9.7,
16/6/1978,9.73,
23/6/1978,9.7,
30/6/1978,9.73,
7/7/1978,9.73,
14/7/1978,9.73,
21/7/1978,9.75,
28/7/1978,9.75,
4/8/1978,9.78,
11/8/1978,9.78,
18/8/1978,9.78,
25/8/1978,9.8,
1/9/1978,9.75,
8/9/1978,9.75,
15/9/1978,9.75,
22/9/1978,9.75,
29/9/1978,9.78,
6/10/1978,9.85,
13/10/1978,9.85,
20/10/1978,9.85,
27/10/1978,9.88,
3/11/1978,9.9,
10/11/1978,10.05,
17/11/1978,10.2,
24/11/1978,10.28,
1/12/1978,10.3,
8/12/1978,10.35,
15/12/1978,10.35,
22/12/1978,10.35,
29/12/1978,10.38,
5/1/1979,10.38,
12/1/1979,10.38,
19/1/1979,10.4,
26/1/1979,10.4,
2/2/1979,10.4,
9/2/1979,10.43,
16/2/1979,10.4,
23/2/1979,10.4,
2/3/1979,10.43,
9/3/1979,10.4,
16/3/1979,10.4,
23/3/1979,10.45,
30/3/1979,10.45,
6/4/1979,10.48,
13/4/1979,10.48,
20/4/1979,10.5,
27/4/1979,10.53,
4/5/1979,10.6,
11/5/1979,10.68,
18/5/1979,10.73,
25/5/1979,10.75,
1/6/1979,10.9,
8/6/1979,11.03,
15/6/1979,11.05,
22/6/1979,11.1,
29/6/1979,11.1,
6/7/1979,11.13,
13/7/1979,11.08,
20/7/1979,11.08,
27/7/1979,11.08,
3/8/1979,11.08,
10/8/1979,11.08,
17/8/1979,11.08,
24/8/1979,11.1,
31/8/1979,11.13,
7/9/1979,11.2,
14/9/1979,11.3,
21/9/1979,11.35,
28/9/1979,11.35,
5/10/1979,11.35,
12/10/1979,11.45,
19/10/1979,11.75,
26/10/1979,12,
2/11/1979,12.8,
9/11/1979,12.85,
16/11/1979,12.8,
23/11/1979,12.8,
30/11/1979,12.9,
7/12/1979,12.9,
14/12/1979,12.9,
21/12/1979,12.9,
28/12/1979,12.9,
4/1/1980,12.85,
11/1/1980,12.9,
18/1/1980,12.87,
25/1/1980,12.89,
1/2/1980,12.85,
8/2/1980,12.85,
15/2/1980,12.88,
22/2/1980,13.03,
29/2/1980,13.59,
7/3/1980,14,
14/3/1980,15.4,
21/3/1980,15.7,
28/3/1980,16.03,
4/4/1980,16.35,
11/4/1980,16.35,
18/4/1980,16.35,
25/4/1980,16.25,
2/5/1980,15.9,
9/5/1980,14.68,
16/5/1980,14.15,
23/5/1980,13.38,
30/5/1980,13.2,
6/6/1980,13.06,
13/6/1980,12.85,
20/6/1980,12.58,
27/6/1980,12.35,
4/7/1980,12.18,
11/7/1980,12.23,
18/7/1980,12.18,
25/7/1980,12.18,
1/8/1980,12.25,
8/8/1980,12.25,
15/8/1980,12.55,
22/8/1980,12.8,
29/8/1980,12.95,
5/9/1980,13.03,
12/9/1980,13.08,
19/9/1980,13.25,
26/9/1980,13.43,
3/10/1980,13.6,
10/10/1980,13.73,
17/10/1980,13.78,
24/10/1980,13.85,
31/10/1980,14,
7/11/1980,14.08,
14/11/1980,14.18,
21/11/1980,14.28,
28/11/1980,14.28,
5/12/1980,14.43,
12/12/1980,14.83,
19/12/1980,14.95,
26/12/1980,14.95,
2/1/1981,14.95,
9/1/1981,14.8,
16/1/1981,14.85,
23/1/1981,14.85,
30/1/1981,15.07,
6/2/1981,15,
13/2/1981,15.03,
20/2/1981,15.2,
27/2/1981,15.3,
6/3/1981,15.4,
13/3/1981,15.4,
20/3/1981,15.4,
27/3/1981,15.4,
3/4/1981,15.4,
10/4/1981,15.5,
17/4/1981,15.65,
24/4/1981,15.77,
1/5/1981,15.82,
8/5/1981,16.12,
15/5/1981,16.64,
22/5/1981,16.63,
29/5/1981,16.8,
5/6/1981,16.76,
12/6/1981,16.69,
19/6/1981,16.71,
26/6/1981,16.62,
3/7/1981,16.64,
10/7/1981,16.79,
17/7/1981,16.74,
24/7/1981,16.88,
31/7/1981,17.11,
7/8/1981,17.13,
14/8/1981,17.27,
21/8/1981,17.26,
28/8/1981,17.48,
4/9/1981,17.79,
11/9/1981,18.22,
18/9/1981,18.27,
25/9/1981,18.36,
2/10/1981,18.28,
9/10/1981,18.63,
16/10/1981,18.53,
21/10/1981,18.39,
30/10/1981,18.44,
6/11/1981,18.37,
13/11/1981,18.02,
20/11/1981,17.7,
27/11/1981,17.21,
4/12/1981,16.9,
11/12/1981,16.94,
18/12/1981,16.9,
25/12/1981,16.95,
31/12/1981,17.04,
8/1/1982,17.3,
15/1/1982,17.44,
22/1/1982,17.61,
29/1/1982,17.59,
5/2/1982,17.56,
12/2/1982,17.65,
19/2/1982,17.66,
26/2/1982,17.52,
5/3/1982,17.29,
12/3/1982,17.19,
19/3/1982,17.12,
26/3/1982,17.04,
2/4/1982,16.95,
9/4/1982,16.91,
16/4/1982,16.93,
23/4/1982,16.86,
30/4/1982,16.81,
7/5/1982,16.78,
14/5/1982,16.63,
21/5/1982,16.67,
28/5/1982,16.63,
4/6/1982,16.65,
11/6/1982,16.7,
18/6/1982,16.71,
25/6/1982,16.73,
2/7/1982,16.87,
9/7/1982,16.93,
16/7/1982,16.88,
23/7/1982,16.75,
30/7/1982,16.65,
6/8/1982,16.55,
13/8/1982,16.44,
20/8/1982,16.21,
27/8/1982,15.88,
3/9/1982,15.59,
10/9/1982,15.56,
17/9/1982,15.38,
24/9/1982,15.19,
1/10/1982,15.13,
8/10/1982,14.96,
15/10/1982,14.6,
22/10/1982,14.2,
29/10/1982,14.15,
5/11/1982,13.91,
12/11/1982,13.84,
19/11/1982,13.78,
26/11/1982,13.77,
3/12/1982,13.66,
10/12/1982,13.66,
17/12/1982,13.63,
24/12/1982,13.6,
31/12/1982,13.57,
7/1/1983,13.46,
14/1/1983,13.31,
21/1/1983,13.12,
28/1/1983,13.1,
4/2/1983,13.06,
11/2/1983,13.06,
18/2/1983,13.07,
25/2/1983,12.98,
4/3/1983,12.74,
11/3/1983,12.79,
18/3/1983,12.81,
25/3/1983,12.86,
1/4/1983,12.82,
8/4/1983,12.82,
15/4/1983,12.79,
22/4/1983,12.75,
29/4/1983,12.73,
6/5/1983,12.71,
13/5/1983,12.59,
20/5/1983,12.55,
27/5/1983,12.68,
3/6/1983,12.74,
10/6/1983,12.82,
17/6/1983,12.96,
24/6/1983,12.96,
1/7/1983,13.08,
8/7/1983,13.3,
15/7/1983,13.5,
22/7/1983,13.58,
29/7/1983,13.65,
5/8/1983,13.73,
12/8/1983,13.84,
19/8/1983,13.89,
26/8/1983,13.78,
2/9/1983,13.77,
9/9/1983,13.77,
16/9/1983,13.72,
23/9/1983,13.72,
30/9/1983,13.65,
7/10/1983,13.59,
14/10/1983,13.6,
21/10/1983,13.52,
28/10/1983,13.43,
4/11/1983,13.42,
11/11/1983,13.47,
18/11/1983,13.42,
25/11/1983,13.43,
2/12/1983,13.41,
9/12/1983,13.38,
16/12/1983,13.42,
23/12/1983,13.46,
30/12/1983,13.43,
6/1/1984,13.43,
13/1/1984,13.4,
20/1/1984,13.35,
27/1/1984,13.29,
3/2/1984,13.26,
10/2/1984,13.23,
17/2/1984,13.19,
24/2/1984,13.25,
2/3/1984,13.23,
9/3/1984,13.3,
16/3/1984,13.37,
23/3/1984,13.48,
30/3/1984,13.55,
6/4/1984,13.63,
13/4/1984,13.58,
20/4/1984,13.67,
27/4/1984,13.73,
4/5/1984,13.78,
11/5/1984,13.87,
18/5/1984,14.04,
25/5/1984,14.08,
1/6/1984,14.29,
8/6/1984,14.33,
15/6/1984,14.47,
22/6/1984,14.49,
29/6/1984,14.5,
6/7/1984,14.66,
13/7/1984,14.68,
20/7/1984,14.66,
27/7/1984,14.67,
3/8/1984,14.68,
10/8/1984,14.54,
17/8/1984,14.39,
24/8/1984,14.36,
31/8/1984,14.38,
7/9/1984,14.42,
14/9/1984,14.43,
21/9/1984,14.29,
28/9/1984,14.26,
5/10/1984,14.18,
12/10/1984,14.19,
19/10/1984,14.1,
26/10/1984,14.05,
2/11/1984,13.85,
9/11/1984,13.74,
16/11/1984,13.63,
23/11/1984,13.55,
30/11/1984,13.42,
7/12/1984,13.2,
14/12/1984,13.2,
21/12/1984,13.18,
28/12/1984,13.14,
4/1/1985,13.1,
11/1/1985,13.12,
18/1/1985,13.12,
25/1/1985,12.96,
1/2/1985,12.93,
8/2/1985,12.91,
15/2/1985,12.9,
22/2/1985,12.94,
1/3/1985,13.02,
8/3/1985,13.1,
15/3/1985,13.2,
22/3/1985,13.24,
29/3/1985,13.29,
5/4/1985,13.27,
12/4/1985,13.23,
19/4/1985,13.16,
26/4/1985,13.12,
3/5/1985,13.07,
10/5/1985,13.02,
17/5/1985,12.94,
24/5/1985,12.83,
31/5/1985,12.71,
7/6/1985,12.39,
14/6/1985,12.27,
21/6/1985,12.05,
28/6/1985,12.15,
5/7/1985,12.13,
12/7/1985,12.03,
19/7/1985,11.94,
26/7/1985,12.03,
2/8/1985,12.17,
9/8/1985,12.23,
16/8/1985,12.24,
23/8/1985,12.18,
30/8/1985,12.11,
6/9/1985,12.15,
13/9/1985,12.24,
20/9/1985,12.21,
27/9/1985,12.17,
4/10/1985,12.17,
11/10/1985,12.17,
18/10/1985,12.13,
25/10/1985,12.07,
1/11/1985,12.01,
8/11/1985,11.9,
15/11/1985,11.79,
22/11/1985,11.64,
29/11/1985,11.58,
6/12/1985,11.5,
13/12/1985,11.31,
20/12/1985,11.14,
27/12/1985,11.09,
3/1/1986,10.81,
10/1/1986,10.77,
17/1/1986,10.99,
24/1/1986,10.97,
31/1/1986,10.89,
7/2/1986,10.85,
14/2/1986,10.8,
21/2/1986,10.68,
28/2/1986,10.51,
7/3/1986,10.2,
14/3/1986,10.01,
21/3/1986,10.01,
28/3/1986,10.1,
4/4/1986,9.99,
11/4/1986,9.98,
18/4/1986,9.92,
25/4/1986,9.86,
2/5/1986,9.9,
9/5/1986,10,
16/5/1986,10.08,
23/5/1986,10.36,
30/5/1986,10.38,
6/6/1986,10.74,
13/6/1986,10.76,
20/6/1986,10.61,
27/6/1986,10.62,
4/7/1986,10.61,
11/7/1986,10.59,
18/7/1986,10.43,
25/7/1986,10.4,
1/8/1986,10.4,
8/8/1986,10.4,
15/8/1986,10.23,
22/8/1986,10.04,
29/8/1986,9.93,
5/9/1986,9.9,
12/9/1986,9.96,
19/9/1986,10.07,
26/9/1986,10.1,
3/10/1986,10.08,
10/10/1986,9.99,
17/10/1986,9.96,
24/10/1986,9.95,
31/10/1986,9.89,
7/11/1986,9.83,
14/11/1986,9.81,
21/11/1986,9.64,
28/11/1986,9.5,
5/12/1986,9.3,
12/12/1986,9.35,
19/12/1986,9.3,
26/12/1986,9.29,
2/1/1987,9.37,
9/1/1987,9.32,
16/1/1987,9.21,
23/1/1987,9.04,
30/1/1987,9.08,
6/2/1987,9.06,
13/2/1987,9.09,
20/2/1987,9.11,
27/2/1987,9.07,
6/3/1987,9.03,
13/3/1987,9.05,
20/3/1987,9.03,
27/3/1987,9.03,
3/4/1987,9.26,
10/4/1987,9.43,
17/4/1987,10.27,
24/4/1987,10.37,
1/5/1987,10.47,
8/5/1987,10.52,
15/5/1987,10.48,
22/5/1987,10.81,
29/5/1987,10.7,
5/6/1987,10.7,
12/6/1987,10.66,
19/6/1987,10.44,
26/6/1987,10.35,
3/7/1987,10.36,
10/7/1987,10.3,
17/7/1987,10.23,
24/7/1987,10.23,
31/7/1987,10.27,
7/8/1987,10.35,
14/8/1987,10.34,
21/8/1987,10.3,
28/8/1987,10.33,
4/9/1987,10.63,
11/9/1987,10.91,
18/9/1987,10.99,
25/9/1987,11.02,
2/10/1987,11.18,
9/10/1987,11.21,
16/10/1987,11.58,
23/10/1987,11.36,
30/10/1987,10.97,
6/11/1987,10.79,
13/11/1987,10.66,
20/11/1987,10.6,
27/11/1987,10.55,
4/12/1987,10.6,
11/12/1987,10.66,
18/12/1987,10.69,
25/12/1987,10.64,
31/12/1987,10.61,
8/1/1988,10.5,
15/1/1988,10.53,
22/1/1988,10.34,
29/1/1988,10.16,
5/2/1988,9.94,
12/2/1988,9.84,
19/2/1988,9.92,
26/2/1988,9.87,
4/3/1988,9.85,
11/3/1988,9.96,
18/3/1988,9.92,
25/3/1988,9.99,
1/4/1988,10.05,
8/4/1988,10.19,
15/4/1988,10.19,
22/4/1988,10.3,
29/4/1988,10.28,
6/5/1988,10.32,
13/5/1988,10.4,
20/5/1988,10.52,
27/5/1988,10.58,
3/6/1988,10.58,
10/6/1988,10.51,
17/6/1988,10.35,
24/6/1988,10.4,
1/7/1988,10.39,
8/7/1988,10.38,
15/7/1988,10.44,
22/7/1988,10.46,
29/7/1988,10.49,
5/8/1988,10.44,
12/8/1988,10.57,
19/8/1988,10.71,
26/8/1988,10.67,
2/9/1988,10.65,
9/9/1988,10.53,
16/9/1988,10.4,
23/9/1988,10.4,
30/9/1988,10.42,
7/10/1988,10.38,
14/10/1988,10.33,
21/10/1988,10.28,
28/10/1988,10.22,
4/11/1988,10.12,
11/11/1988,10.24,
18/11/1988,10.31,
25/11/1988,10.39,
2/12/1988,10.44,
9/12/1988,10.46,
16/12/1988,10.71,
23/12/1988,10.68,
30/12/1988,10.77,
6/1/1989,10.8,
13/1/1989,10.81,
20/1/1989,10.71,
27/1/1989,10.6,
3/2/1989,10.55,
10/2/1989,10.56,
17/2/1989,10.69,
24/2/1989,10.78,
3/3/1989,10.91,
10/3/1989,10.86,
17/3/1989,10.98,
24/3/1989,11.22,
31/3/1989,11.19,
7/4/1989,11.07,
14/4/1989,11.11,
21/4/1989,10.99,
28/4/1989,11.03,
5/5/1989,10.97,
12/5/1989,10.93,
19/5/1989,10.69,
26/5/1989,10.5,
2/6/1989,10.48,
9/6/1989,10.2,
16/6/1989,10.04,
23/6/1989,10.19,
30/6/1989,10.07,
7/7/1989,10.03,
14/7/1989,9.82,
21/7/1989,9.87,
28/7/1989,9.81,
4/8/1989,9.68,
11/8/1989,9.96,
18/8/1989,10.09,
25/8/1989,10.21,
1/9/1989,10.22,
8/9/1989,10.17,
15/9/1989,10.05,
22/9/1989,10.03,
29/9/1989,10.16,
6/10/1989,10.1,
13/10/1989,9.95,
20/10/1989,9.92,
27/10/1989,9.82,
3/11/1989,9.82,
10/11/1989,9.79,
17/11/1989,9.72,
24/11/1989,9.74,
1/12/1989,9.74,
8/12/1989,9.76,
15/12/1989,9.75,
22/12/1989,9.69,
29/12/1989,9.78,
5/1/1990,9.83,
12/1/1990,9.8,
19/1/1990,9.9,
26/1/1990,10.05,
2/2/1990,10.17,
9/2/1990,10.21,
16/2/1990,10.1,
23/2/1990,10.31,
2/3/1990,10.23,
9/3/1990,10.29,
16/3/1990,10.34,
23/3/1990,10.26,
30/3/1990,10.22,
6/4/1990,10.26,
13/4/1990,10.25,
20/4/1990,10.41,
27/4/1990,10.56,
4/5/1990,10.67,
11/5/1990,10.54,
18/5/1990,10.37,
25/5/1990,10.33,
1/6/1990,10.29,
8/6/1990,10.1,
15/6/1990,10.12,
22/6/1990,10.16,
29/6/1990,10.15,
6/7/1990,10.06,
13/7/1990,10.11,
20/7/1990,9.99,
27/7/1990,9.98,
3/8/1990,9.84,
10/8/1990,10.08,
17/8/1990,10.05,
24/8/1990,10.29,
31/8/1990,10.24,
7/9/1990,10.19,
14/9/1990,10.13,
21/9/1990,10.16,
28/9/1990,10.22,
5/10/1990,10.08,
12/10/1990,10.22,
19/10/1990,10.24,
26/10/1990,10.17,
2/11/1990,10.13,
9/11/1990,10.09,
16/11/1990,10.02,
23/11/1990,9.93,
30/11/1990,9.9,
7/12/1990,9.81,
14/12/1990,9.56,
21/12/1990,9.64,
28/12/1990,9.68,
4/1/1991,9.56,
11/1/1991,9.63,
18/1/1991,9.75,
25/1/1991,9.61,
1/2/1991,9.56,
8/2/1991,9.36,
15/2/1991,9.25,
22/2/1991,9.29,
1/3/1991,9.4,
8/3/1991,9.49,
15/3/1991,9.5,
22/3/1991,9.59,
29/3/1991,9.52,
5/4/1991,9.49,
12/4/1991,9.48,
19/4/1991,9.47,
26/4/1991,9.53,
3/5/1991,9.47,
10/5/1991,9.47,
17/5/1991,9.5,
24/5/1991,9.47,
31/5/1991,9.45,
7/6/1991,9.48,
14/6/1991,9.66,
21/6/1991,9.65,
28/6/1991,9.67,
5/7/1991,9.62,
12/7/1991,9.64,
19/7/1991,9.54,
26/7/1991,9.5,
2/8/1991,9.44,
9/8/1991,9.27,
16/8/1991,9.19,
23/8/1991,9.17,
30/8/1991,9.15,8.77
6/9/1991,9.14,8.79
13/9/1991,9.02,8.68
20/9/1991,8.95,8.62
27/9/1991,8.92,8.59
4/10/1991,8.87,8.51
11/10/1991,8.82,8.46
18/10/1991,8.82,8.45
25/10/1991,8.91,8.51
1/11/1991,8.78,8.41
8/11/1991,8.76,8.36
15/11/1991,8.69,8.32
22/11/1991,8.63,8.25
29/11/1991,8.7,8.29
6/12/1991,8.62,8.21
13/12/1991,8.53,8.1
20/12/1991,8.49,8.07
27/12/1991,8.35,7.9
3/1/1992,8.24,7.79
10/1/1992,8.23,7.79
17/1/1992,8.45,8.03
24/1/1992,8.56,8.14
31/1/1992,8.68,8.28
7/2/1992,8.67,8.3
14/2/1992,8.73,8.36
21/2/1992,8.82,8.43
28/2/1992,8.83,8.44
6/3/1992,8.85,8.48
13/3/1992,8.88,8.51
20/3/1992,9.03,8.69
27/3/1992,8.98,8.63
3/4/1992,8.96,8.57
10/4/1992,8.84,8.44
17/4/1992,8.76,8.38
24/4/1992,8.85,8.49
1/5/1992,8.84,8.46
8/5/1992,8.75,8.38
15/5/1992,8.64,8.26
22/5/1992,8.53,8.16
29/5/1992,8.6,8.21
5/6/1992,8.59,8.18
12/6/1992,8.54,8.12
19/6/1992,8.48,8.03
26/6/1992,8.43,7.98
3/7/1992,8.29,7.84
10/7/1992,8.13,7.67
17/7/1992,8.09,7.63
24/7/1992,8.08,7.61
31/7/1992,8.05,7.6
7/8/1992,8.06,7.59
14/8/1992,7.96,7.48
21/8/1992,7.87,7.38
28/8/1992,8.01,7.51
4/9/1992,7.94,7.44
11/9/1992,7.84,7.33
18/9/1992,7.89,7.37
24/9/1992,8.02,7.48
2/10/1992,7.93,7.37
9/10/1992,8.01,7.46
16/10/1992,8.06,7.51
23/10/1992,8.23,7.71
30/10/1992,8.21,7.68
6/11/1992,8.29,7.75
13/11/1992,8.32,7.79
20/11/1992,8.32,7.83
27/11/1992,8.29,7.81
4/12/1992,8.34,7.87
11/12/1992,8.23,7.77
18/12/1992,8.19,7.74
25/12/1992,8.13,7.65
31/12/1992,8.14,7.68
8/1/1993,8.07,7.6
15/1/1993,8.04,7.56
22/1/1993,8,7.51
29/1/1993,7.86,7.37
5/2/1993,7.8,7.29
12/2/1993,7.75,7.25
19/2/1993,7.65,7.12
26/2/1993,7.53,7.02
5/3/1993,7.44,6.91
12/3/1993,7.47,6.97
19/3/1993,7.57,7.07
26/3/1993,7.5,7.01
2/4/1993,7.53,7.03
9/4/1993,7.57,7.07
16/4/1993,7.45,6.93
23/4/1993,7.38,6.86
30/4/1993,7.43,6.91
7/5/1993,7.42,6.88
14/5/1993,7.42,6.86
21/5/1993,7.52,6.98
28/5/1993,7.5,6.99
4/6/1993,7.47,6.97
11/6/1993,7.48,6.98
18/6/1993,7.38,6.87
25/6/1993,7.34,6.84
2/7/1993,7.23,6.76
9/7/1993,7.19,6.71
16/7/1993,7.16,6.67
23/7/1993,7.2,6.7
30/7/1993,7.25,6.75
6/8/1993,7.21,6.72
13/8/1993,7.17,6.68
20/8/1993,7.1,6.62
27/8/1993,6.97,6.49
3/9/1993,6.93,6.45
10/9/1993,6.82,6.35
17/9/1993,6.96,6.49
24/9/1993,6.95,6.47
1/10/1993,6.89,6.41
8/10/1993,6.87,6.39
15/10/1993,6.81,6.36
22/10/1993,6.74,6.31
29/10/1993,6.86,6.4
5/11/1993,7.11,6.65
12/11/1993,7.12,6.64
19/11/1993,7.08,6.62
26/11/1993,7.31,6.84
4/12/1993,7.25,6.74
10/12/1993,7.14,6.65
17/12/1993,7.17,6.7
24/12/1993,7.17,6.69
31/12/1993,7.13,6.63
7/1/1994,7.23,6.74
14/1/1994,6.99,6.48
21/1/1994,7.05,6.57
28/1/1994,6.97,6.47
4/2/1994,6.97,6.46
11/2/1994,7.21,6.72
18/2/1994,7.11,6.64
25/2/1994,7.32,6.8
4/3/1994,7.51,7.01
11/3/1994,7.63,7.15
18/3/1994,7.76,7.27
25/3/1994,7.8,7.3
1/4/1994,8.04,7.55
8/4/1994,8.47,7.91
15/4/1994,8.26,7.72
22/4/1994,8.49,7.97
29/4/1994,8.32,7.85
6/5/1994,8.53,8.03
13/5/1994,8.77,8.25
20/5/1994,8.56,8.04
27/5/1994,8.53,7.99
3/6/1994,8.55,8.02
10/6/1994,8.25,7.79
17/6/1994,8.33,7.83
24/6/1994,8.46,8
1/7/1994,8.57,8.07
8/7/1994,8.68,8.15
15/7/1994,8.72,8.2
22/7/1994,8.53,8.05
29/7/1994,8.57,8.09
5/8/1994,8.38,7.9
12/8/1994,8.57,8.08
19/8/1994,8.54,8.05
26/8/1994,8.56,8.05
2/9/1994,8.48,7.96
9/9/1994,8.51,8.03
16/9/1994,8.66,8.15
23/9/1994,8.73,8.21
30/9/1994,8.82,8.31
7/10/1994,8.89,8.38
14/10/1994,8.93,8.4
21/10/1994,8.85,8.3
28/10/1994,9.03,8.47
4/11/1994,9.05,8.51
11/11/1994,9.19,8.67
18/11/1994,9.19,8.71
25/11/1994,9.25,8.77
2/12/1994,9.23,8.76
9/12/1994,9.15,8.77
16/12/1994,9.25,8.89
23/12/1994,9.18,8.79
30/12/1994,9.18,8.81
6/1/1995,9.22,8.87
13/1/1995,9.19,8.85
20/1/1995,9.05,8.7
27/1/1995,9.13,8.76
3/2/1995,8.94,8.59
10/2/1995,8.8,8.45
17/2/1995,8.84,8.46
24/2/1995,8.73,8.34
3/3/1995,8.53,8.15
10/3/1995,8.62,8.24
17/3/1995,8.38,8
24/3/1995,8.4,7.97
31/3/1995,8.38,7.96
7/4/1995,8.41,7.99
14/4/1995,8.37,7.93
21/4/1995,8.24,7.8
28/4/1995,8.26,7.8
5/5/1995,8.27,7.8
12/5/1995,7.87,7.45
19/5/1995,7.83,7.39
26/5/1995,7.85,7.4
2/6/1995,7.71,7.24
9/6/1995,7.51,7
16/6/1995,7.55,7.03
23/6/1995,7.53,7.01
30/6/1995,7.53,7.03
7/7/1995,7.63,7.11
14/7/1995,7.41,6.89
21/7/1995,7.6,7.08
28/7/1995,7.79,7.27
4/8/1995,7.82,7.31
11/8/1995,7.8,7.31
18/8/1995,7.94,7.43
25/8/1995,7.88,7.39
1/9/1995,7.76,7.27
8/9/1995,7.63,7.16
15/9/1995,7.6,7.12
22/9/1995,7.57,7.09
29/9/1995,7.62,7.16
6/10/1995,7.57,7.09
13/10/1995,7.5,7.01
20/10/1995,7.38,6.92
27/10/1995,7.45,7.01
3/11/1995,7.44,6.97
9/11/1995,7.37,6.87
17/11/1995,7.35,6.86
24/11/1995,7.35,6.85
1/12/1995,7.33,6.85
8/12/1995,7.18,6.74
15/12/1995,7.15,6.71
22/12/1995,7.23,6.73
29/12/1995,7.11,6.65
5/1/1996,7.02,6.56
12/1/1996,7.08,6.59
19/1/1996,7.02,6.53
26/1/1996,7,6.5
2/2/1996,7.02,6.52
9/2/1996,7.02,6.51
16/2/1996,6.94,6.44
23/2/1996,7.32,6.77
1/3/1996,7.41,6.87
8/3/1996,7.38,6.87
15/3/1996,7.83,7.32
22/3/1996,7.81,7.32
29/3/1996,7.69,7.19
5/4/1996,7.78,7.29
12/4/1996,8.05,7.56
19/4/1996,7.95,7.48
26/4/1996,7.92,7.43
3/5/1996,7.99,7.5
10/5/1996,8.24,7.75
17/5/1996,8.08,7.59
24/5/1996,8.01,7.51
31/5/1996,8.03,7.54
7/6/1996,8.3,7.8
14/6/1996,8.39,7.9
21/6/1996,8.3,7.81
28/6/1996,8.29,7.82
5/7/1996,8.14,7.67
12/7/1996,8.42,7.93
19/7/1996,8.23,7.76
26/7/1996,8.19,7.71
2/8/1996,8.23,7.75
9/8/1996,7.88,7.4
16/8/1996,7.88,7.39
23/8/1996,7.93,7.45
30/8/1996,8.09,7.6
6/9/1996,8.34,7.88
13/9/1996,8.28,7.81
20/9/1996,8.14,7.64
27/9/1996,8.16,7.68
4/10/1996,8.06,7.58
11/10/1996,7.86,7.38
18/10/1996,7.88,7.39
25/10/1996,7.86,7.37
1/11/1996,7.78,7.3
8/11/1996,7.67,7.2
15/11/1996,7.59,7.11
22/11/1996,7.53,7.06
29/11/1996,7.52,7.04
6/12/1996,7.44,6.96
13/12/1996,7.57,7.06
20/12/1996,7.74,7.21
27/12/1996,7.64,7.16
3/1/1997,7.67,7.18
10/1/1997,7.85,7.35
17/1/1997,7.87,7.38
24/1/1997,7.85,7.35
31/1/1997,7.88,7.38
7/2/1997,7.74,7.25
14/2/1997,7.65,7.14
21/2/1997,7.56,7.06
28/2/1997,7.65,7.15
7/3/1997,7.84,7.35
14/3/1997,7.84,7.34
21/3/1997,7.94,7.45
28/3/1997,7.97,7.48
4/4/1997,8.18,7.7
11/4/1997,8.15,7.67
18/4/1997,8.16,7.71
25/4/1997,8.08,7.62
2/5/1997,8.01,7.53
9/5/1997,7.94,7.47
16/5/1997,7.91,7.44
23/5/1997,7.92,7.45
30/5/1997,7.94,7.47
6/6/1997,7.85,7.4
13/6/1997,7.72,7.27
20/6/1997,7.61,7.14
27/6/1997,7.58,7.13
4/7/1997,7.62,7.15
11/7/1997,7.47,7.01
18/7/1997,7.47,7.01
25/7/1997,7.43,6.98
1/8/1997,7.36,6.9
8/8/1997,7.46,7
15/8/1997,7.54,7.07
22/8/1997,7.46,6.99
29/8/1997,7.58,7.12
5/9/1997,7.53,7.08
12/9/1997,7.53,7.07
19/9/1997,7.38,6.94
26/9/1997,7.28,6.86
3/10/1997,7.31,6.87
10/10/1997,7.26,6.82
17/10/1997,7.34,6.89
24/10/1997,7.35,6.9
31/10/1997,7.21,6.76
7/11/1997,7.24,6.8
14/11/1997,7.23,6.78
21/11/1997,7.18,6.73
28/11/1997,7.17,6.73
5/12/1997,7.15,6.71
12/12/1997,7.17,6.72
19/12/1997,7.07,6.65
26/12/1997,6.99,6.57
2/1/1998,7.03,6.61
9/1/1998,6.94,6.55
16/1/1998,6.89,6.46
23/1/1998,6.99,6.56
30/1/1998,7.12,6.7
6/2/1998,7.03,6.62
13/2/1998,7.06,6.65
20/2/1998,6.99,6.59
28/2/1998,7.09,6.69
6/3/1998,7.19,6.8
13/3/1998,7.16,6.78
20/3/1998,7.08,6.7
27/3/1998,7.08,6.69
3/4/1998,7.15,6.79
10/4/1998,7.09,6.74
17/4/1998,7.17,6.81
24/4/1998,7.15,6.78
1/5/1998,7.22,6.85
8/5/1998,7.14,6.78
15/5/1998,7.19,6.82
22/5/1998,7.1,6.75
29/5/1998,7.07,6.72
5/6/1998,7.05,6.7
12/6/1998,7.04,6.71
19/6/1998,6.94,6.62
26/6/1998,6.96,6.64
3/7/1998,6.98,6.65
10/7/1998,6.91,6.6
17/7/1998,6.94,6.6
24/7/1998,6.96,6.63
31/7/1998,6.97,6.64
7/8/1998,6.94,6.63
14/8/1998,6.91,6.6
21/8/1998,6.92,6.61
28/8/1998,6.92,6.61
4/9/1998,6.82,6.51
11/9/1998,6.77,6.43
18/9/1998,6.66,6.35
25/9/1998,6.64,6.32
2/10/1998,6.6,6.27
9/10/1998,6.49,6.15
16/10/1998,6.9,6.58
23/10/1998,6.73,6.34
30/10/1998,6.83,6.48
6/11/1998,6.89,6.5
13/11/1998,6.93,6.57
20/11/1998,6.86,6.51
27/11/1998,6.78,6.44
4/12/1998,6.71,6.37
11/12/1998,6.69,6.34
18/12/1998,6.69,6.35
25/12/1998,6.77,6.41
31/12/1998,6.83,6.48
8/1/1999,6.79,6.43
15/1/1999,6.83,6.48
22/1/1999,6.78,6.42
29/1/1999,6.74,6.37
5/2/1999,6.75,6.38
12/2/1999,6.77,6.4
19/2/1999,6.82,6.46
26/2/1999,6.89,6.51
5/3/1999,7.06,6.7
12/3/1999,7.11,6.75
19/3/1999,7.01,6.64
26/3/1999,6.98,6.61
2/4/1999,6.98,6.58
9/4/1999,6.92,6.53
16/4/1999,6.87,6.47
23/4/1999,6.88,6.51
30/4/1999,6.93,6.55
7/5/1999,7.02,6.61
14/5/1999,7.1,6.71
21/5/1999,7.23,6.83
28/5/1999,7.23,6.84
4/6/1999,7.41,7.04
11/6/1999,7.51,7.13
18/6/1999,7.65,7.26
25/6/1999,7.63,7.28
2/7/1999,7.71,7.34
9/7/1999,7.65,7.3
16/7/1999,7.58,7.19
23/7/1999,7.52,7.16
30/7/1999,7.7,7.29
6/8/1999,7.89,7.45
13/8/1999,8.15,7.7
20/8/1999,7.93,7.53
27/8/1999,7.8,7.43
3/9/1999,7.83,7.45
10/9/1999,7.88,7.49
17/9/1999,7.82,7.43
24/9/1999,7.76,7.4
1/10/1999,7.7,7.35
8/10/1999,7.82,7.43
15/10/1999,7.85,7.45
22/10/1999,7.93,7.53
29/10/1999,7.96,7.57
5/11/1999,7.84,7.45
12/11/1999,7.67,7.3
19/11/1999,7.69,7.31
26/11/1999,7.75,7.36
3/12/1999,7.84,7.46
10/12/1999,7.84,7.45
17/12/1999,7.86,7.47
24/12/1999,7.96,7.57
31/12/1999,8.06,7.66
7/1/2000,8.15,7.73
14/1/2000,8.18,7.78
21/1/2000,8.26,7.86
28/1/2000,8.25,7.84
4/2/2000,8.25,7.85
11/2/2000,8.36,7.96
18/2/2000,8.38,8
25/2/2000,8.31,7.92
3/3/2000,8.27,7.84
10/3/2000,8.23,7.81
17/3/2000,8.24,7.83
24/3/2000,8.23,7.84
31/3/2000,8.23,7.84
7/4/2000,8.2,7.83
14/4/2000,8.12,7.76
21/4/2000,8.16,7.82
28/4/2000,8.13,7.79
5/5/2000,8.28,7.94
12/5/2000,8.52,8.17
19/5/2000,8.64,8.31
26/5/2000,8.62,8.31
2/6/2000,8.54,8.24
9/6/2000,8.32,8.04
16/6/2000,8.22,7.91
23/6/2000,8.14,7.85
30/6/2000,8.22,7.92
7/7/2000,8.16,7.88
14/7/2000,8.09,7.8
21/7/2000,8.21,7.93
28/7/2000,8.13,7.85
4/8/2000,8.12,7.88
11/8/2000,8.04,7.75
18/8/2000,7.96,7.7
25/8/2000,7.99,7.72
1/9/2000,7.96,7.67
8/9/2000,7.94,7.65
15/9/2000,7.88,7.6
22/9/2000,7.9,7.57
29/9/2000,7.88,7.53
6/10/2000,7.83,7.5
13/10/2000,7.84,7.52
20/10/2000,7.83,7.5
27/10/2000,7.68,7.36
3/11/2000,7.73,7.41
10/11/2000,7.79,7.44
17/11/2000,7.73,7.41
24/11/2000,7.73,7.41
1/12/2000,7.65,7.35
8/12/2000,7.54,7.19
15/12/2000,7.42,7.11
22/12/2000,7.17,6.84
29/12/2000,7.13,6.79
5/1/2001,7.07,6.74
12/1/2001,6.89,6.49
19/1/2001,7.02,6.63
26/1/2001,7.15,6.7
2/2/2001,7.09,6.66
9/2/2001,6.98,6.6
16/2/2001,7.01,6.61
23/2/2001,7.12,6.69
2/3/2001,7.03,6.58
9/3/2001,6.97,6.52
16/3/2001,6.96,6.54
23/3/2001,6.89,6.44
30/3/2001,6.91,6.46
6/4/2001,7.01,6.54
13/4/2001,7.04,6.55
20/4/2001,7.14,6.66
27/4/2001,7.12,6.63
4/5/2001,7.14,6.66
11/5/2001,7.1,6.61
18/5/2001,7.14,6.67
25/5/2001,7.2,6.76
1/6/2001,7.24,6.78
8/6/2001,7.2,6.74
15/6/2001,7.14,6.7
22/6/2001,7.11,6.65
29/6/2001,7.11,6.63
6/7/2001,7.19,6.74
13/7/2001,7.21,6.76
20/7/2001,7.08,6.65
27/7/2001,7.03,6.58
3/8/2001,7,6.54
10/8/2001,7,6.54
17/8/2001,6.92,6.48
24/8/2001,6.91,6.47
31/8/2001,6.92,6.47
7/9/2001,6.89,6.44
14/9/2001,6.86,6.39
21/9/2001,6.8,6.3
28/9/2001,6.72,6.23
5/10/2001,6.64,6.11
12/10/2001,6.58,6.06
19/10/2001,6.61,6.09
26/10/2001,6.64,6.13
2/11/2001,6.56,6.04
9/11/2001,6.45,5.94
16/11/2001,6.51,5.98
23/11/2001,6.75,6.24
30/11/2001,7.02,6.53
7/12/2001,6.84,6.3
14/12/2001,7.09,6.57
21/12/2001,7.17,6.65
28/12/2001,7.16,6.65
4/1/2002,7.14,6.62
11/1/2002,7.06,6.55
18/1/2002,6.83,6.31
25/1/2002,6.96,6.44
1/2/2002,7.02,6.51
8/2/2002,6.88,6.36
15/2/2002,6.86,6.35
22/2/2002,6.81,6.28
1/3/2002,6.8,6.28
8/3/2002,6.87,6.37
15/3/2002,7.08,6.59
22/3/2002,7.14,6.65
29/3/2002,7.18,6.69
5/4/2002,7.13,6.64
12/4/2002,6.99,6.49
19/4/2002,6.94,6.42
26/4/2002,6.88,6.35
3/5/2002,6.78,6.26
10/5/2002,6.79,6.27
17/5/2002,6.89,6.37
24/5/2002,6.81,6.28
31/5/2002,6.76,6.22
7/6/2002,6.71,6.18
14/6/2002,6.71,6.17
21/6/2002,6.63,6.08
28/6/2002,6.55,5.99
5/7/2002,6.57,6.03
12/7/2002,6.54,6
19/7/2002,6.49,5.93
26/7/2002,6.34,5.76
2/8/2002,6.43,5.84
9/8/2002,6.31,5.69
16/8/2002,6.22,5.63
23/8/2002,6.27,5.71
30/8/2002,6.22,5.64
6/9/2002,6.15,5.56
13/9/2002,6.18,5.59
20/9/2002,6.05,5.47
27/9/2002,5.99,5.41
4/10/2002,6.01,5.4
11/10/2002,5.98,5.34
18/10/2002,6.15,5.56
25/10/2002,6.31,5.7
1/11/2002,6.13,5.51
8/11/2002,6.11,5.48
15/11/2002,5.94,5.32
22/11/2002,6.03,5.44
29/11/2002,6.13,5.57
6/12/2002,6.19,5.6
13/12/2002,6.04,5.46
20/12/2002,6.03,5.42
27/12/2002,5.93,5.32
3/1/2003,5.85,5.24
10/1/2003,5.95,5.33
17/1/2003,5.97,5.36
24/1/2003,5.91,5.31
31/1/2003,5.9,5.28
7/2/2003,5.88,5.27
14/2/2003,5.86,5.26
21/2/2003,5.84,5.21
28/2/2003,5.79,5.14
7/3/2003,5.67,5.01
14/3/2003,5.61,4.93
21/3/2003,5.79,5.11
28/3/2003,5.91,5.21
4/4/2003,5.79,5.06
11/4/2003,5.85,5.17
18/4/2003,5.82,5.12
25/4/2003,5.79,5.12
2/5/2003,5.7,5.03
9/5/2003,5.62,4.97
16/5/2003,5.45,4.84
23/5/2003,5.34,4.73
30/5/2003,5.31,4.73
6/6/2003,5.26,4.66
13/6/2003,5.21,4.6
20/6/2003,5.21,4.62
27/6/2003,5.24,4.63
4/7/2003,5.4,4.75
11/7/2003,5.52,4.85
18/7/2003,5.67,5
25/7/2003,5.94,5.27
1/8/2003,6.14,5.44
8/8/2003,6.34,5.66
15/8/2003,6.24,5.58
22/8/2003,6.28,5.6
29/8/2003,6.32,5.66
5/9/2003,6.44,5.77
12/9/2003,6.16,5.46
19/9/2003,6.01,5.3
26/9/2003,5.98,5.3
3/10/2003,5.77,5.1
10/10/2003,5.95,5.26
17/10/2003,6.05,5.36
24/10/2003,6.05,5.39
31/10/2003,5.94,5.26
7/11/2003,5.98,5.31
14/11/2003,6.03,5.39
21/11/2003,5.83,5.17
28/11/2003,5.89,5.22
5/12/2003,6.02,5.36
12/12/2003,5.88,5.24
19/12/2003,5.82,5.14
26/12/2003,5.81,5.13
31/12/2003,5.85,5.15
8/1/2004,5.87,5.17
15/1/2004,5.66,4.97
22/1/2004,5.64,4.95
29/1/2004,5.68,4.97
5/2/2004,5.72,5.03
12/2/2004,5.66,4.96
19/2/2004,5.58,4.87
26/2/2004,5.58,4.89
4/3/2004,5.59,4.88
11/3/2004,5.41,4.69
18/3/2004,5.38,4.69
25/3/2004,5.4,4.7
1/4/2004,5.52,4.84
8/4/2004,5.79,5.12
15/4/2004,5.89,5.23
22/4/2004,5.94,5.25
29/4/2004,6.01,5.35
6/5/2004,6.12,5.47
13/5/2004,6.34,5.72
20/5/2004,6.3,5.67
27/5/2004,6.32,5.69
3/6/2004,6.28,5.63
10/6/2004,6.3,5.67
17/6/2004,6.32,5.7
24/6/2004,6.25,5.64
1/7/2004,6.21,5.62
8/7/2004,6.01,5.42
15/7/2004,6,5.4
22/7/2004,5.98,5.39
29/7/2004,6.08,5.49
5/8/2004,5.99,5.4
12/8/2004,5.85,5.24
19/8/2004,5.81,5.19
26/8/2004,5.82,5.21
2/9/2004,5.77,5.15
9/9/2004,5.83,5.22
16/9/2004,5.75,5.13
23/9/2004,5.7,5.1
30/9/2004,5.72,5.12
7/10/2004,5.82,5.24
14/10/2004,5.74,5.14
21/10/2004,5.69,5.07
28/10/2004,5.64,5.01
4/11/2004,5.7,5.08
11/11/2004,5.76,5.16
18/11/2004,5.74,5.15
24/11/2004,5.72,5.15
2/12/2004,5.81,5.23
9/12/2004,5.71,5.14
16/12/2004,5.68,5.11
22/12/2004,5.75,5.18
29/12/2004,5.81,5.23
6/1/2005,5.77,5.21
13/1/2005,5.74,5.19
20/1/2005,5.67,5.15
27/1/2005,5.66,5.14
3/2/2005,5.63,5.14
10/2/2005,5.57,5.1
17/2/2005,5.62,5.14
24/2/2005,5.69,5.22
3/3/2005,5.79,5.33
10/3/2005,5.85,5.38
17/3/2005,5.95,5.47
24/3/2005,6.01,5.56
31/3/2005,6.04,5.58
7/4/2005,5.93,5.48
14/4/2005,5.91,5.46
21/4/2005,5.8,5.36
28/4/2005,5.78,5.33
5/5/2005,5.75,5.31
12/5/2005,5.77,5.33
19/5/2005,5.71,5.27
26/5/2005,5.65,5.21
2/6/2005,5.62,5.2
9/6/2005,5.56,5.14
16/6/2005,5.63,5.22
23/6/2005,5.57,5.16
30/6/2005,5.53,5.12
7/7/2005,5.62,5.2
14/7/2005,5.66,5.25
21/7/2005,5.73,5.32
28/7/2005,5.77,5.34
4/8/2005,5.82,5.38
11/8/2005,5.89,5.47
18/8/2005,5.8,5.4
25/8/2005,5.77,5.35
1/9/2005,5.71,5.32
8/9/2005,5.71,5.3
15/9/2005,5.74,5.32
22/9/2005,5.8,5.37
29/9/2005,5.91,5.48
6/10/2005,5.98,5.54
13/10/2005,6.03,5.62
20/10/2005,6.1,5.65
27/10/2005,6.15,5.69
3/11/2005,6.31,5.85
10/11/2005,6.36,5.89
17/11/2005,6.37,5.9
23/11/2005,6.28,5.81
1/12/2005,6.26,5.81
8/12/2005,6.32,5.87
15/12/2005,6.3,5.85
22/12/2005,6.26,5.79
29/12/2005,6.22,5.76
5/1/2006,6.21,5.76
12/1/2006,6.15,5.71
19/1/2006,6.1,5.67
26/1/2006,6.12,5.7
2/2/2006,6.23,5.81
9/2/2006,6.24,5.83
16/2/2006,6.28,5.91
23/2/2006,6.26,5.89
2/3/2006,6.24,5.89
9/3/2006,6.37,6
16/3/2006,6.34,5.98
23/3/2006,6.32,5.97
30/3/2006,6.35,6
6/4/2006,6.43,6.1
13/4/2006,6.49,6.14
20/4/2006,6.53,6.17
27/4/2006,6.58,6.21
4/5/2006,6.59,6.22
11/5/2006,6.58,6.17
18/5/2006,6.6,6.2
25/5/2006,6.62,6.23
1/6/2006,6.67,6.26
8/6/2006,6.62,6.23
15/6/2006,6.63,6.25
22/6/2006,6.71,6.36
29/6/2006,6.78,6.43
6/7/2006,6.79,6.44
13/7/2006,6.74,6.37
20/7/2006,6.8,6.41
27/7/2006,6.72,6.34
3/8/2006,6.63,6.27
10/8/2006,6.55,6.2
17/8/2006,6.52,6.2
24/8/2006,6.48,6.18
31/8/2006,6.44,6.14
7/9/2006,6.47,6.16
14/9/2006,6.43,6.11
21/9/2006,6.4,6.06
28/9/2006,6.31,5.98
5/10/2006,6.3,5.98
12/10/2006,6.37,6.06
19/10/2006,6.36,6.06
26/10/2006,6.4,6.1
2/11/2006,6.31,6.02
9/11/2006,6.33,6.04
16/11/2006,6.24,5.94
22/11/2006,6.18,5.91
30/11/2006,6.14,5.87
7/12/2006,6.11,5.84
14/12/2006,6.12,5.86
21/12/2006,6.13,5.89
28/12/2006,6.18,5.93
4/1/2007,6.18,5.94
11/1/2007,6.21,5.96
18/1/2007,6.23,5.98
25/1/2007,6.25,5.98
1/2/2007,6.34,6.06
8/2/2007,6.28,6.02
15/2/2007,6.3,6.03
22/2/2007,6.22,5.97
1/3/2007,6.18,5.92
8/3/2007,6.14,5.86
15/3/2007,6.14,5.88
22/3/2007,6.16,5.9
29/3/2007,6.16,5.86
5/4/2007,6.17,5.87
12/4/2007,6.22,5.9
19/4/2007,6.17,5.89
26/4/2007,6.16,5.87
3/5/2007,6.16,5.87
10/5/2007,6.15,5.87
17/5/2007,6.21,5.92
24/5/2007,6.37,6.06
31/5/2007,6.42,6.12
7/6/2007,6.53,6.22
14/6/2007,6.74,6.43
21/6/2007,6.69,6.37
28/6/2007,6.67,6.34
5/7/2007,6.63,6.3
12/7/2007,6.73,6.39
19/7/2007,6.73,6.38
26/7/2007,6.69,6.37
2/8/2007,6.68,6.32
9/8/2007,6.59,6.25
16/8/2007,6.62,6.3
23/8/2007,6.52,6.18
30/8/2007,6.45,6.12
6/9/2007,6.46,6.15
13/9/2007,6.31,5.97
20/9/2007,6.34,5.98
27/9/2007,6.42,6.09
4/10/2007,6.37,6.03
11/10/2007,6.4,6.06
18/10/2007,6.4,6.08
25/10/2007,6.33,5.99
1/11/2007,6.26,5.91
8/11/2007,6.24,5.9
15/11/2007,6.24,5.88
21/11/2007,6.2,5.83
29/11/2007,6.1,5.73
6/12/2007,5.96,5.65
13/12/2007,6.11,5.78
20/12/2007,6.14,5.79
27/12/2007,6.17,5.79
3/1/2008,6.07,5.68
10/1/2008,5.87,5.43
17/1/2008,5.69,5.21
24/1/2008,5.48,4.95
31/1/2008,5.68,5.17
7/2/2008,5.67,5.15
14/2/2008,5.72,5.25
21/2/2008,6.04,5.64
28/2/2008,6.24,5.72
6/3/2008,6.03,5.47
13/3/2008,6.13,5.6
20/3/2008,5.87,5.27
27/3/2008,5.85,5.34
3/4/2008,5.88,5.42
10/4/2008,5.88,5.42
17/4/2008,5.88,5.4
24/4/2008,6.03,5.62
1/5/2008,6.06,5.59
8/5/2008,6.05,5.6
15/5/2008,6.01,5.6
22/5/2008,5.98,5.55
29/5/2008,6.08,5.66
5/6/2008,6.09,5.65
12/6/2008,6.32,5.93
19/6/2008,6.42,6.02
26/6/2008,6.45,6.04
3/7/2008,6.35,5.92
10/7/2008,6.37,5.91
17/7/2008,6.26,5.78
24/7/2008,6.63,6.18
31/7/2008,6.52,6.07
7/8/2008,6.52,6.1
14/8/2008,6.52,6.07
21/8/2008,6.47,6
28/8/2008,6.4,5.93
4/9/2008,6.35,5.9
11/9/2008,5.93,5.54
18/9/2008,5.78,5.35
25/9/2008,6.09,5.77
2/10/2008,6.1,5.78
9/10/2008,5.94,5.63
16/10/2008,6.46,6.14
23/10/2008,6.04,5.72
30/10/2008,6.46,6.19
6/11/2008,6.2,5.88
13/11/2008,6.14,5.81
20/11/2008,6.04,5.73
26/11/2008,5.97,5.74
4/12/2008,5.53,5.33
11/12/2008,5.47,5.2
18/12/2008,5.19,4.92
24/12/2008,5.14,4.91
31/12/2008,5.1,4.83
8/1/2009,5.01,4.62
15/1/2009,4.96,4.65
22/1/2009,5.12,4.8
29/1/2009,5.1,4.8
5/2/2009,5.25,4.92
12/2/2009,5.16,4.81
19/2/2009,5.04,4.68
26/2/2009,5.07,4.68
5/3/2009,5.15,4.72
12/3/2009,5.03,4.64
19/3/2009,4.98,4.61
26/3/2009,4.85,4.58
2/4/2009,4.78,4.52
9/4/2009,4.87,4.54
16/4/2009,4.82,4.48
23/4/2009,4.8,4.48
30/4/2009,4.78,4.48
7/5/2009,4.84,4.51
14/5/2009,4.86,4.52
21/5/2009,4.82,4.5
28/5/2009,4.91,4.53
4/6/2009,5.29,4.79
11/6/2009,5.59,5.06
18/6/2009,5.38,4.89
25/6/2009,5.42,4.87
2/7/2009,5.32,4.77
9/7/2009,5.2,4.69
16/7/2009,5.14,4.63
23/7/2009,5.2,4.68
30/7/2009,5.25,4.69
6/8/2009,5.22,4.63
13/8/2009,5.29,4.68
20/8/2009,5.12,4.56
27/8/2009,5.14,4.58
3/9/2009,5.08,4.54
10/9/2009,5.07,4.5
17/9/2009,5.04,4.47
24/9/2009,5.04,4.46
1/10/2009,4.94,4.36
8/10/2009,4.87,4.33
15/10/2009,4.92,4.37
22/10/2009,5,4.43
29/10/2009,5.03,4.46
5/11/2009,4.98,4.4
12/11/2009,4.91,4.36
19/11/2009,4.83,4.32
25/11/2009,4.78,4.29
3/12/2009,4.71,4.27
10/12/2009,4.81,4.32
17/12/2009,4.94,4.38
24/12/2009,5.05,4.45
31/12/2009,5.14,4.54
7/1/2010,5.09,4.5
14/1/2010,5.06,4.45
21/1/2010,4.99,4.4
28/1/2010,4.98,4.39
4/2/2010,5.01,4.4
11/2/2010,4.97,4.34
18/2/2010,4.93,4.33
25/2/2010,5.05,4.4
4/3/2010,4.97,4.33
11/3/2010,4.95,4.32
18/3/2010,4.96,4.33
25/3/2010,4.99,4.34
1/4/2010,5.08,4.39
8/4/2010,5.21,4.52
15/4/2010,5.07,4.4
22/4/2010,5.07,4.39
29/4/2010,5.06,4.39
6/5/2010,5,4.36
13/5/2010,4.93,4.3
20/5/2010,4.84,4.24
27/5/2010,4.78,4.21
3/6/2010,4.79,4.2
10/6/2010,4.72,4.17
17/6/2010,4.75,4.2
24/6/2010,4.69,4.13
1/7/2010,4.58,4.04
8/7/2010,4.57,4.07
15/7/2010,4.57,4.06
22/7/2010,4.56,4.03
29/7/2010,4.54,4
5/8/2010,4.49,3.95
12/8/2010,4.44,3.92
19/8/2010,4.42,3.9
26/8/2010,4.36,3.86
2/9/2010,4.32,3.83
9/9/2010,4.35,3.83
16/9/2010,4.37,3.82
23/9/2010,4.37,3.82
30/9/2010,4.32,3.75
7/10/2010,4.27,3.72
14/10/2010,4.19,3.62
21/10/2010,4.21,3.64
28/10/2010,4.23,3.66
4/11/2010,4.24,3.63
11/11/2010,4.17,3.57
18/11/2010,4.39,3.76
24/11/2010,4.4,3.77
2/12/2010,4.46,3.81
9/12/2010,4.61,3.96
16/12/2010,4.83,4.17
23/12/2010,4.81,4.15
30/12/2010,4.86,4.2
6/1/2011,4.77,4.13
13/1/2011,4.71,4.08
20/1/2011,4.74,4.05
27/1/2011,4.8,4.09
3/2/2011,4.81,4.08
10/2/2011,5.05,4.29
17/2/2011,5,4.27
24/2/2011,4.95,4.22
3/3/2011,4.87,4.15
10/3/2011,4.88,4.15
17/3/2011,4.76,3.97
24/3/2011,4.81,4.04
31/3/2011,4.86,4.09
7/4/2011,4.87,4.1
14/4/2011,4.91,4.13
21/4/2011,4.8,4.02
28/4/2011,4.78,3.97
5/5/2011,4.71,3.89
12/5/2011,4.63,3.82
19/5/2011,4.61,3.8
26/5/2011,4.6,3.78
2/6/2011,4.55,3.74
9/6/2011,4.49,3.68
16/6/2011,4.5,3.67
23/6/2011,4.5,3.69
30/6/2011,4.51,3.69
7/7/2011,4.6,3.75
14/7/2011,4.51,3.65
21/7/2011,4.52,3.66
28/7/2011,4.55,3.66
4/8/2011,4.39,3.54
11/8/2011,4.32,3.5
18/8/2011,4.15,3.36
25/8/2011,4.22,3.44
1/9/2011,4.22,3.39
8/9/2011,4.12,3.33
15/9/2011,4.09,3.3
22/9/2011,4.09,3.29
29/9/2011,4.01,3.28
6/10/2011,3.94,3.26
13/10/2011,4.12,3.37
20/10/2011,4.11,3.38
27/10/2011,4.1,3.38
3/11/2011,4,3.31
10/11/2011,3.99,3.3
17/11/2011,4,3.31
23/11/2011,3.98,3.3
1/12/2011,4,3.3
8/12/2011,3.99,3.27
15/12/2011,3.94,3.21
22/12/2011,3.91,3.21
29/12/2011,3.95,3.24
5/1/2012,3.91,3.23
12/1/2012,3.89,3.16
19/1/2012,3.88,3.17
26/1/2012,3.98,3.24
2/2/2012,3.87,3.14
9/2/2012,3.87,3.16
16/2/2012,3.87,3.16
23/2/2012,3.95,3.19
1/3/2012,3.9,3.17
8/3/2012,3.88,3.13
15/3/2012,3.92,3.16
22/3/2012,4.08,3.3
29/3/2012,3.99,3.23
5/4/2012,3.98,3.21
12/4/2012,3.88,3.11
19/4/2012,3.9,3.13
26/4/2012,3.88,3.12
3/5/2012,3.84,3.07
10/5/2012,3.83,3.05
17/5/2012,3.79,3.04
24/5/2012,3.78,3.04
31/5/2012,3.75,2.97
7/6/2012,3.67,2.94
14/6/2012,3.71,2.98
21/6/2012,3.66,2.95
28/6/2012,3.66,2.94
5/7/2012,3.62,2.89
12/7/2012,3.56,2.86
19/7/2012,3.53,2.83
26/7/2012,3.49,2.8
2/8/2012,3.55,2.83
9/8/2012,3.59,2.84
16/8/2012,3.62,2.88
23/8/2012,3.66,2.89
30/8/2012,3.59,2.86
6/9/2012,3.55,2.86
13/9/2012,3.55,2.85
20/9/2012,3.49,2.77
27/9/2012,3.4,2.73
4/10/2012,3.36,2.69
11/10/2012,3.39,2.7
18/10/2012,3.37,2.66
25/10/2012,3.41,2.72
1/11/2012,3.39,2.7
8/11/2012,3.4,2.69
15/11/2012,3.34,2.65
21/11/2012,3.31,2.63
29/11/2012,3.32,2.64
6/12/2012,3.34,2.67
13/12/2012,3.32,2.66
20/12/2012,3.37,2.65
27/12/2012,3.35,2.65
3/1/2013,3.34,2.64
10/1/2013,3.4,2.66
17/1/2013,3.38,2.66
24/1/2013,3.42,2.71
31/1/2013,3.53,2.81
7/2/2013,3.53,2.77
14/2/2013,3.53,2.77
21/2/2013,3.56,2.77
28/2/2013,3.51,2.76
7/3/2013,3.52,2.76
14/3/2013,3.63,2.79
21/3/2013,3.54,2.72
28/3/2013,3.57,2.76
4/4/2013,3.54,2.74
11/4/2013,3.43,2.65
18/4/2013,3.41,2.64
25/4/2013,3.4,2.61
2/5/2013,3.35,2.56
9/5/2013,3.42,2.61
16/5/2013,3.51,2.69
23/5/2013,3.59,2.77
30/5/2013,3.81,2.98
6/6/2013,3.91,3.03
13/6/2013,3.98,3.1
20/6/2013,3.93,3.04
27/6/2013,4.46,3.5
3/7/2013,4.29,3.39
11/7/2013,4.51,3.53
18/7/2013,4.37,3.41
25/7/2013,4.31,3.39
1/8/2013,4.39,3.43
8/8/2013,4.4,3.43
15/8/2013,4.4,3.44
22/8/2013,4.58,3.6
29/8/2013,4.51,3.54
5/9/2013,4.57,3.59
12/9/2013,4.57,3.59
19/9/2013,4.5,3.54
26/9/2013,4.32,3.37
3/10/2013,4.22,3.29
10/10/2013,4.23,3.31
17/10/2013,4.28,3.33
24/10/2013,4.13,3.24
31/10/2013,4.1,3.2
7/11/2013,4.16,3.27
14/11/2013,4.35,3.35
21/11/2013,4.22,3.27
27/11/2013,4.29,3.3
5/12/2013,4.46,3.47
12/12/2013,4.42,3.43
19/12/2013,4.47,3.51
26/12/2013,4.48,3.52
2/1/2014,4.53,3.55
9/1/2014,4.51,3.56
16/1/2014,4.41,3.45
23/1/2014,4.39,3.44
30/1/2014,4.32,3.4
6/2/2014,4.23,3.33
13/2/2014,4.28,3.33
20/2/2014,4.33,3.35
27/2/2014,4.37,3.39
6/3/2014,4.28,3.32
13/3/2014,4.37,3.38
20/3/2014,4.32,3.32
27/3/2014,4.4,3.42
3/4/2014,4.41,3.47
10/4/2014,4.34,3.38
17/4/2014,4.27,3.33
24/4/2014,4.33,3.39
1/5/2014,4.29,3.38
8/5/2014,4.21,3.32
15/5/2014,4.2,3.29
22/5/2014,4.14,3.25
29/5/2014,4.12,3.21
5/6/2014,4.14,3.23
12/6/2014,4.2,3.31
19/6/2014,4.17,3.3
26/6/2014,4.14,3.22
3/7/2014,4.12,3.22
10/7/2014,4.15,3.24
17/7/2014,4.13,3.23
24/7/2014,4.13,3.26
31/7/2014,4.12,3.23
7/8/2014,4.14,3.27
14/8/2014,4.12,3.24
21/8/2014,4.1,3.23
28/8/2014,4.1,3.25
4/9/2014,4.1,3.24
11/9/2014,4.12,3.26
18/9/2014,4.23,3.37
25/9/2014,4.2,3.36
2/10/2014,4.19,3.36
9/10/2014,4.12,3.3
16/10/2014,3.97,3.18
23/10/2014,3.92,3.08
30/10/2014,3.98,3.13
6/11/2014,4.02,3.21
13/11/2014,4.01,3.2
20/11/2014,3.99,3.17
26/11/2014,3.97,3.17
4/12/2014,3.89,3.1
11/12/2014,3.93,3.2
18/12/2014,3.8,3.09
24/12/2014,3.83,3.1
31/12/2014,3.87,3.15
8/1/2015,3.73,3.05
15/1/2015,3.66,2.98
22/1/2015,3.63,2.93
29/1/2015,3.66,2.98
5/2/2015,3.59,2.92
12/2/2015,3.69,2.99
19/2/2015,3.76,3.05
26/2/2015,3.8,3.07
5/3/2015,3.75,3.03
12/3/2015,3.86,3.1
19/3/2015,3.78,3.06
26/3/2015,3.69,2.97
2/4/2015,3.7,2.98
9/4/2015,3.66,2.93
16/4/2015,3.67,2.94
23/4/2015,3.65,2.92
30/4/2015,3.68,2.94
7/5/2015,3.8,3.02
14/5/2015,3.85,3.07
21/5/2015,3.84,3.05
28/5/2015,3.87,3.11
4/6/2015,3.87,3.08
11/6/2015,4.04,3.25
18/6/2015,4,3.23
25/6/2015,4.02,3.21
2/7/2015,4.08,3.24
9/7/2015,4.04,3.2
16/7/2015,4.09,3.25
23/7/2015,4.04,3.21
30/7/2015,3.98,3.17
6/8/2015,3.91,3.13
13/8/2015,3.94,3.17
20/8/2015,3.93,3.15
27/8/2015,3.84,3.06
3/9/2015,3.89,3.09
10/9/2015,3.9,3.1
17/9/2015,3.91,3.11
24/9/2015,3.86,3.08
1/10/2015,3.85,3.07
8/10/2015,3.76,2.99
15/10/2015,3.82,3.03
22/10/2015,3.79,2.98
29/10/2015,3.76,2.98
5/11/2015,3.87,3.09
12/11/2015,3.98,3.2
19/11/2015,3.97,3.18
25/11/2015,3.95,3.18
3/12/2015,3.93,3.16
10/12/2015,3.95,3.19
17/12/2015,3.97,3.22
24/12/2015,3.96,3.22
31/12/2015,4.01,3.24
7/1/2016,3.97,3.26
14/1/2016,3.92,3.19
21/1/2016,3.81,3.1
28/1/2016,3.79,3.07
4/2/2016,3.72,3.01
11/2/2016,3.65,2.95
18/2/2016,3.65,2.95
25/2/2016,3.62,2.93
3/3/2016,3.64,2.94
10/3/2016,3.68,2.96
17/3/2016,3.73,2.99
24/3/2016,3.71,2.96
31/3/2016,3.71,2.98
7/4/2016,3.59,2.88
14/4/2016,3.58,2.86
21/4/2016,3.59,2.85
28/4/2016,3.66,2.89
5/5/2016,3.61,2.86
12/5/2016,3.57,2.81
19/5/2016,3.58,2.81
26/5/2016,3.64,2.89
2/6/2016,3.66,2.92
9/6/2016,3.6,2.87
16/6/2016,3.54,2.81
23/6/2016,3.56,2.83
30/6/2016,3.48,2.78
7/7/2016,3.41,2.74
14/7/2016,3.42,2.72
21/7/2016,3.45,2.75
28/7/2016,3.48,2.78
4/8/2016,3.43,2.74
11/8/2016,3.45,2.76
18/8/2016,3.43,2.74
25/8/2016,3.43,2.74
1/9/2016,3.46,2.77
8/9/2016,3.44,2.76
15/9/2016,3.5,2.77
22/9/2016,3.48,2.76
29/9/2016,3.42,2.72
6/10/2016,3.42,2.72
13/10/2016,3.47,2.76
20/10/2016,3.52,2.79
27/10/2016,3.47,2.78
3/11/2016,3.54,2.84
10/11/2016,3.57,2.88
17/11/2016,3.94,3.14
23/11/2016,4.03,3.25
1/12/2016,4.08,3.34
8/12/2016,4.13,3.36
15/12/2016,4.16,3.37
22/12/2016,4.3,3.52
29/12/2016,4.32,3.55
5/1/2017,4.2,3.44
12/1/2017,4.12,3.37
19/1/2017,4.09,3.34
26/1/2017,4.19,3.4
2/2/2017,4.19,3.41
9/2/2017,4.17,3.39
16/2/2017,4.15,3.35
23/2/2017,4.16,3.37
2/3/2017,4.1,3.32
9/3/2017,4.21,3.42
16/3/2017,4.3,3.5
23/3/2017,4.23,3.44
30/3/2017,4.14,3.39
6/4/2017,4.1,3.36
13/4/2017,4.08,3.34
20/4/2017,3.97,3.23
27/4/2017,4.03,3.27
4/5/2017,4.02,3.27
11/5/2017,4.05,3.29
18/5/2017,4.02,3.27
25/5/2017,3.95,3.19
1/6/2017,3.94,3.19
8/6/2017,3.89,3.16
15/6/2017,3.91,3.18
22/6/2017,3.9,3.17
29/6/2017,3.88,3.17
6/7/2017,3.96,3.22
13/7/2017,4.03,3.29
20/7/2017,3.96,3.23
27/7/2017,3.92,3.2
3/8/2017,3.93,3.18
10/8/2017,3.9,3.18
17/8/2017,3.89,3.16
24/8/2017,3.86,3.16
31/8/2017,3.82,3.12
7/9/2017,3.78,3.08
14/9/2017,3.78,3.08
21/9/2017,3.83,3.13
28/9/2017,3.83,3.13
5/10/2017,3.85,3.15
12/10/2017,3.91,3.21
19/10/2017,3.88,3.19
26/10/2017,3.94,3.25
2/11/2017,3.94,3.27
9/11/2017,3.9,3.24
16/11/2017,3.95,3.31
22/11/2017,3.92,3.32
30/11/2017,3.9,3.3
7/12/2017,3.94,3.36
14/12/2017,3.93,3.36
21/12/2017,3.94,3.38
28/12/2017,3.99,3.44
4/1/2018,3.95,3.38
11/1/2018,3.99,3.44
18/1/2018,4.04,3.49
25/1/2018,4.15,3.62
1/2/2018,4.22,3.68
8/2/2018,4.32,3.77
15/2/2018,4.38,3.84
22/2/2018,4.4,3.85
1/3/2018,4.43,3.9
8/3/2018,4.46,3.94
15/3/2018,4.44,3.9
22/3/2018,4.45,3.91
29/3/2018,4.44,3.9
5/4/2018,4.4,3.87
12/4/2018,4.42,3.87
19/4/2018,4.47,3.94
26/4/2018,4.58,4.02
3/5/2018,4.55,4.03
10/5/2018,4.55,4.01
17/5/2018,4.61,4.08
24/5/2018,4.66,4.15
31/5/2018,4.56,4.06
7/6/2018,4.54,4.01
14/6/2018,4.62,4.07
21/6/2018,4.57,4.04
28/6/2018,4.55,4.04
5/7/2018,4.52,3.99
12/7/2018,4.53,4.02
19/7/2018,4.52,4
26/7/2018,4.54,4.02
2/8/2018,4.6,4.08
9/8/2018,4.59,4.05
16/8/2018,4.53,4.01
23/8/2018,4.51,3.98
30/8/2018,4.52,3.97
6/9/2018,4.54,3.99
13/9/2018,4.6,4.06
20/9/2018,4.65,4.11
27/9/2018,4.72,4.16
4/10/2018,4.71,4.15
11/10/2018,4.9,4.29
18/10/2018,4.85,4.26
25/10/2018,4.86,4.29
1/11/2018,4.83,4.23
8/11/2018,4.94,4.33
15/11/2018,4.94,4.36
21/11/2018,4.81,4.24
29/11/2018,4.81,4.25
6/12/2018,4.75,4.21
13/12/2018,4.63,4.07
20/12/2018,4.62,4.07
27/12/2018,4.55,4.01
3/1/2019,4.51,3.99
10/1/2019,4.45,3.89
17/1/2019,4.45,3.88
24/1/2019,4.45,3.88
31/1/2019,4.46,3.89
7/2/2019,4.41,3.84
14/2/2019,4.37,3.81
21/2/2019,4.35,3.78
28/2/2019,4.35,3.77
7/3/2019,4.41,3.83
14/3/2019,4.31,3.76
21/3/2019,4.28,3.71
28/3/2019,4.06,3.57
4/4/2019,4.08,3.56
11/4/2019,4.12,3.6
18/4/2019,4.17,3.62
25/4/2019,4.2,3.64
2/5/2019,4.14,3.6
9/5/2019,4.1,3.57
16/5/2019,4.07,3.53
23/5/2019,4.06,3.51
30/5/2019,3.99,3.46
6/6/2019,3.82,3.28
13/6/2019,3.82,3.26
20/6/2019,3.84,3.25
27/6/2019,3.73,3.16
3/7/2019,3.75,3.18
11/7/2019,3.75,3.22
18/7/2019,3.81,3.23
25/7/2019,3.75,3.18
1/8/2019,3.75,3.2
8/8/2019,3.6,3.05
15/8/2019,3.6,3.07
22/8/2019,3.55,3.03
29/8/2019,3.58,3.06
5/9/2019,3.49,3
12/9/2019,3.56,3.09
19/9/2019,3.73,3.21
26/9/2019,3.64,3.16
3/10/2019,3.65,3.14
10/10/2019,3.57,3.05
17/10/2019,3.69,3.15
24/10/2019,3.75,3.18
31/10/2019,3.78,3.19
7/11/2019,3.69,3.13
14/11/2019,3.75,3.2
21/11/2019,3.66,3.15
27/11/2019,3.68,3.15
5/12/2019,3.68,3.14
12/12/2019,3.73,3.19
19/12/2019,3.73,3.19
26/12/2019,3.74,3.19
2/1/2020,3.72,3.16
9/1/2020,3.64,3.07
16/1/2020,3.65,3.09
23/1/2020,3.6,3.04
30/1/2020,3.51,3
6/2/2020,3.45,2.97
13/2/2020,3.47,2.97
20/2/2020,3.49,2.99
27/2/2020,3.45,2.95
5/3/2020,3.29,2.79
12/3/2020,3.36,2.77
19/3/2020,3.65,3.06
26/3/2020,3.5,2.92
2/4/2020,3.33,2.82
9/4/2020,3.33,2.77
16/4/2020,3.31,2.8
23/4/2020,3.33,2.86
30/4/2020,3.23,2.77
7/5/2020,3.26,2.73
14/5/2020,3.28,2.72
21/5/2020,3.24,2.7
28/5/2020,3.15,2.62
4/6/2020,3.18,2.62
11/6/2020,3.21,2.62
18/6/2020,3.13,2.58
25/6/2020,3.13,2.59
2/7/2020,3.07,2.56
9/7/2020,3.03,2.51
16/7/2020,2.98,2.48
23/7/2020,3.01,2.54
30/7/2020,2.99,2.51
6/8/2020,2.88,2.44
13/8/2020,2.96,2.46
20/8/2020,2.99,2.54
27/8/2020,2.91,2.46
3/9/2020,2.93,2.42
10/9/2020,2.86,2.37
17/9/2020,2.87,2.35
24/9/2020,2.9,2.4
1/10/2020,2.88,2.36
8/10/2020,2.87,2.37
15/10/2020,2.81,2.35
22/10/2020,2.8,2.33
29/10/2020,2.81,2.32
5/11/2020,2.78,2.32
12/11/2020,2.84,2.34
19/11/2020,2.72,2.28
25/11/2020,2.72,2.28
3/12/2020,2.71,2.26
10/12/2020,2.71,2.26
17/12/2020,2.67,2.21
24/12/2020,2.66,2.19
31/12/2020,2.67,2.17
7/1/2021,2.65,2.16
14/1/2021,2.79,2.23
21/1/2021,2.77,2.21
28/1/2021,2.73,2.2
4/2/2021,2.73,2.21
11/2/2021,2.73,2.19
18/2/2021,2.81,2.21
25/2/2021,2.97,2.34
4/3/2021,3.02,2.34
11/3/2021,3.05,2.38
18/3/2021,3.09,2.4
25/3/2021,3.17,2.45
1/4/2021,3.18,2.45
8/4/2021,3.13,2.42
15/4/2021,3.04,2.35
22/4/2021,2.97,2.29
29/4/2021,2.98,2.31
6/5/2021,2.96,2.3
13/5/2021,2.94,2.26
20/5/2021,3,2.29
27/5/2021,2.95,2.27
3/6/2021,2.99,2.27
10/6/2021,2.96,2.23
17/6/2021,2.93,2.24
24/6/2021,3.02,2.34
1/7/2021,2.98,2.26
8/7/2021,2.9,2.2
15/7/2021,2.88,2.22
22/7/2021,2.78,2.12
29/7/2021,2.8,2.1
5/8/2021,2.77,2.1
12/8/2021,2.87,2.15
19/8/2021,2.86,2.16
26/8/2021,2.87,2.17
2/9/2021,2.87,2.18
9/9/2021,2.88,2.19
16/9/2021,2.86,2.12
23/9/2021,2.88,2.15
30/9/2021,3.01,2.28
7/10/2021,2.99,2.23
14/10/2021,3.05,2.3
21/10/2021,3.09,2.33
28/10/2021,3.14,2.37
4/11/2021,3.09,2.35
10/11/2021,2.98,2.27
18/11/2021,3.1,2.39
24/11/2021,3.1,2.42
2/12/2021,3.11,2.39
9/12/2021,3.1,2.38
16/12/2021,3.12,2.34
23/12/2021,3.05,2.3
30/12/2021,3.11,2.33
6/1/2022,3.22,2.43
13/1/2022,3.45,2.62
20/1/2022,3.56,2.79
27/1/2022,3.55,2.8
3/2/2022,3.55,2.77
10/2/2022,3.69,2.93
17/2/2022,3.92,3.15
24/2/2022,3.89,3.14
3/3/2022,3.76,3.01
10/3/2022,3.85,3.09
17/3/2022,4.16,3.39
24/3/2022,4.42,3.63
31/3/2022,4.67,3.83
7/4/2022,4.72,3.91
14/4/2022,5,4.17
21/4/2022,5.11,4.38
28/4/2022,5.1,4.4
5/5/2022,5.27,4.52
12/5/2022,5.3,4.48
19/5/2022,5.25,4.43
26/5/2022,5.1,4.31
2/6/2022,5.09,4.32
9/6/2022,5.23,4.38
16/6/2022,5.78,4.81
23/6/2022,5.81,4.92
30/6/2022,5.7,4.83
7/7/2022,5.3,4.45
14/7/2022,5.51,4.67
21/7/2022,5.54,4.75
28/7/2022,5.3,4.58
4/8/2022,4.99,4.26
11/8/2022,5.22,4.59
18/8/2022,5.13,4.55
25/8/2022,5.55,4.85
1/9/2022,5.66,4.98
8/9/2022,5.89,5.16
15/9/2022,6.02,5.21
22/9/2022,6.29,5.44
29/9/2022,6.7,5.96
6/10/2022,6.66,5.9
13/10/2022,6.92,6.09
20/10/2022,6.94,6.23
27/10/2022,7.08,6.36
3/11/2022,6.95,6.29
10/11/2022,7.08,6.38
17/11/2022,6.61,5.98
23/11/2022,6.58,5.9
12/1/2022,6.49,5.76
8/12/2022,6.33,5.67
15/12/2022,6.31,5.54
22/12/2022,6.27,5.69
29/12/2022,6.42,5.68
5/1/2023,6.48,5.73
12/1/2023,6.33,5.52
19/1/2023,6.15,5.28
26/1/2023,6.13,5.17
2/2/2023,6.09,5.14